{
  "ocsvm_thresholds": {
    "GLOBAL": -0.0002648968429779464,
    "fr": -0.0004959987715967173
  },
  "proto_thresholds": {
    "GLOBAL": 0.8799275159835815,
    "fr": 0.8844966888427734
  },
  "langs": [
    "GLOBAL",
    "en",
    "fr"
  ]
}