{
  "best_params": {
    "pool": "logits_mean",
    "temperature": 1.2,
    "short_bonus": 0.15,
    "short_len": 30,
    "min_words": 0,
    "chunk_words": 200,
    "max_length": 512,
    "ad_threshold": 0.0006,
    "lang_thresholds": "other:0.0005,fr:0.0006",
    "model": "classla/xlm-roberta-base-multilingual-text-genre-classifier"
  },
  "best_metrics": {
    "macro_f1": 0.6938988984715225,
    "balanced_accuracy": 0.7739514563106796,
    "mcc": 0.4213161614046104,
    "precision_non_ad": 0.3612565445026178,
    "recall_non_ad": 0.6699029126213593,
    "f1_non_ad": 0.46938775510204084,
    "precision_ad": 0.9627192982456141,
    "recall_ad": 0.878,
    "f1_ad": 0.9184100418410042,
    "confusion_matrix": [
      [
        69,
        34
      ],
      [
        122,
        878
      ]
    ],
    "n_samples": 1103,
    "class_support": {
      "non_ad": 103,
      "ad": 1000
    }
  },
  "notes": {
    "objective_metric": "macro_f1",
    "global_threshold": 0.0005736962538774138,
    "lang_thresholds": "other:0.0005,fr:0.0006",
    "dataset_info": {
      "total_samples": 1103,
      "ads_count": 1000,
      "non_ads_count": 103
    }
  }
}