{
  "model_dir": "./fine_tuned_xlm",
  "n_ads": 80,
  "n_non_ads": 80,
  "promo_label_id": 8,
  "probability_stats": {
    "ads": {
      "min": 0.014274544082581997,
      "mean": 0.8856174349784851,
      "median": 0.9963701963424683,
      "max": 0.9976577758789062
    },
    "non_ads": {
      "min": 0.007285874802619219,
      "mean": 0.11290711164474487,
      "median": 0.009568391367793083,
      "max": 0.9935570359230042
    }
  },
  "thresholds": {
    "f1_optimal": {
      "threshold": 0.37915942072868347,
      "f1": 0.9146341462914933,
      "precision": 0.8928571428571429,
      "recall": 0.9375
    },
    "balanced": {
      "threshold": 0.49324604868888855,
      "f1": 0.88749999995,
      "precision": 0.8875,
      "recall": 0.8875
    },
    "high_precision": {
      "threshold": 0.9613407254219055,
      "f1": 0.8551724137436385,
      "precision": 0.9538461538461539,
      "recall": 0.775
    },
    "high_recall": {
      "threshold": 0.09336437284946442,
      "f1": 0.9101796406686508,
      "precision": 0.8735632183908046,
      "recall": 0.95
    },
    "standard_0.5": {
      "threshold": 0.5,
      "f1": 0.8805031446540881,
      "precision": 0.8860759493670886,
      "recall": 0.875
    }
  },
  "recommended_threshold": 0.37915942072868347
}